Workbook

Sheet Arkusz1
I5: Liczba odwzorowań | L5: Typy błedów u badanych
A6: Lp. | B6: Nr osoby badanej | C6: Data | D6: Płeć K/M | E6: Wiek | F6: Prawo/lewo ręczny | G6: Wada wzroku tak/nie | H6: Imię i Nazwisko | I6: Poprawne | J6: Błędne | K6: Informacje | L6: Pominięcie | M6: Zniekształcenie | N6: Perseweracje | O6: Rotacje | P6: Przemieszczenie | Q6: Błędy względnej wielkości | R6: uwagi | U6: Informacje | V6: Ilość
A7: 1 | B7: P001 | C7: 44904 | D7: M | E7: 9 | F7: prawo ręczny | G7: tak | H7: Wojtek | I7: 4 | J7: 6 | K7: =IF(AND(J7>0,J7<=5),Arkusz2!$C$4,IF(AND(Arkusz1!J7>=6,Arkusz1!J7<=7),Arkusz2!$C$5,Arkusz2!$C$6)) -> przecietny poziom zaburzenia | L7: 0 | M7: 0 | N7: 2 | O7: 2 | P7: 2 | Q7: 0 | R7: rozpoczął terapię 09.2022 | U7: niskie ryzyko dysleksji | V7: =COUNTIF($K$7:$K$28,U7) -> 12 | W7: niskie ryzyko zaburzeń percepcji wzrokowej
A8: 2 | B8: P002 | C8: 44904 | D8: K | E8: 9 | F8: prawo ręczny | G8: nie | H8: Oktawia | I8: 8 | J8: 2 | K8: =IF(AND(J8>0,J8<=5),Arkusz2!$C$4,IF(AND(Arkusz1!J8>=6,Arkusz1!J8<=7),Arkusz2!$C$5,Arkusz2!$C$6)) -> niskie ryzyko dysleksji | L8: 0 | M8: 1 | N8: 0 | O8: 0 | P8: 0 | Q8: 1 | U8: przecietny poziom zaburzenia | V8: =COUNTIF($K$7:$K$28,U8) -> 7 | W8: przeciętny poziom zaburzeń percepcji wzrokowej
A9: 3 | B9: P003 | C9: 44904 | D9: K | E9: 9 | F9: prawo ręczny | G9: nie | H9: Hania | I9: 8 | J9: 2 | K9: =IF(AND(J9>0,J9<=5),Arkusz2!$C$4,IF(AND(Arkusz1!J9>=6,Arkusz1!J9<=7),Arkusz2!$C$5,Arkusz2!$C$6)) -> niskie ryzyko dysleksji | L9: 0 | M9: 0 | N9: 0 | O9: 1 | P9: 1 | Q9: 0 | U9: wysoki poziom zaburzenia | V9: =COUNTIF($K$7:$K$28,U9) -> 3 | W9: wysoki poziom zaburzeń percepcji wzrokowej
A10: 4 | B10: P004 | C10: 44904 | D10: K | E10: 9 | F10: prawo ręczny | G10: nie | H10: Maja | I10: 5 | J10: 5 | K10: =IF(AND(J10>0,J10<=5),Arkusz2!$C$4,IF(AND(Arkusz1!J10>=6,Arkusz1!J10<=7),Arkusz2!$C$5,Arkusz2!$C$6)) -> niskie ryzyko dysleksji | L10: 0 | M10: 1 | N10: 1 | O10: 1 | P10: 1 | Q10: 1
A11: 5 | B11: P005 | C11: 44904 | D11: M | E11: 9 | F11: prawo ręczny | G11: nie | H11: Ignacy | I11: 4 | J11: 6 | K11: =IF(AND(J11>0,J11<=5),Arkusz2!$C$4,IF(AND(Arkusz1!J11>=6,Arkusz1!J11<=7),Arkusz2!$C$5,Arkusz2!$C$6)) -> przecietny poziom zaburzenia | L11: 0 | M11: 4 | N11: 0 | O11: 0 | P11: 2 | Q11: 0 | R11: bez terapii
A12: 6 | B12: P006 | C12: 44904 | D12: M | E12: 9 | F12: lewo ręczny | G12: nie | H12: Tymon | I12: 3 | J12: 7 | K12: =IF(AND(J12>0,J12<=5),Arkusz2!$C$4,IF(AND(Arkusz1!J12>=6,Arkusz1!J12<=7),Arkusz2!$C$5,Arkusz2!$C$6)) -> przecietny poziom zaburzenia | L12: 0 | M12: 2 | N12: 1 | O12: 1 | P12: 2 | Q12: 2
A13: 7 | B13: P007 | C13: 44904 | D13: M | E13: 9 | F13: prawo ręczny | G13: nie | H13: Filip | I13: 4 | J13: 6 | K13: =IF(AND(J13>0,J13<=5),Arkusz2!$C$4,IF(AND(Arkusz1!J13>=6,Arkusz1!J13<=7),Arkusz2!$C$5,Arkusz2!$C$6)) -> przecietny poziom zaburzenia | L13: 1 | M13: 1 | N13: 1 | O13: 1 | P13: 1 | Q13: 1 | R13: bez terapii ale uczestniczy w zajęciach koordynujących i muzycznych
A14: 8 | B14: P008 | C14: 44904 | D14: M | E14: 9 | F14: prawo ręczny | G14: nie | H14: Arek | I14: 1 | J14: 9 | K14: =IF(AND(J14>0,J14<=5),Arkusz2!$C$4,IF(AND(Arkusz1!J14>=6,Arkusz1!J14<=7),Arkusz2!$C$5,Arkusz2!$C$6)) -> wysoki poziom zaburzenia | L14: 2 | M14: 2 | N14: 2 | O14: 1 | P14: 1 | Q14: 1 | R14: bez terapii
A15: 9 | B15: P009 | C15: 44904 | D15: K | E15: 9 | F15: prawo ręczny | G15: nie | H15: Wiktor | I15: 5 | J15: 5 | K15: =IF(AND(J15>0,J15<=5),Arkusz2!$C$4,IF(AND(Arkusz1!J15>=6,Arkusz1!J15<=7),Arkusz2!$C$5,Arkusz2!$C$6)) -> niskie ryzyko dysleksji | L15: 1 | M15: 1 | N15: 1 | O15: 1 | P15: 1 | Q15: 0
A16: 10 | B16: P010 | C16: 44904 | D16: K | E16: 9 | F16: prawo ręczny | G16: nie | H16: Kinga | I16: 1 | J16: 9 | K16: =IF(AND(J16>0,J16<=5),Arkusz2!$C$4,IF(AND(Arkusz1!J16>=6,Arkusz1!J16<=7),Arkusz2!$C$5,Arkusz2!$C$6)) -> wysoki poziom zaburzenia | L16: 2 | M16: 2 | N16: 2 | O16: 1 | P16: 2 | Q16: 0
A17: 11 | B17: P001 | C17: 13/3/2024 | D17: M | E17: 10 | F17: prawo ręczny | G17: nie | H17: Wojtek | I17: 6 | J17: =10-I17 -> 4 | K17: =IF(AND(J17>0,J17<=5),Arkusz2!$C$4,IF(AND(Arkusz1!J17>=6,Arkusz1!J17<=7),Arkusz2!$C$5,Arkusz2!$C$6)) -> niskie ryzyko dysleksji | L17: 0 | M17: 0 | N17: 0 | O17: 2 | P17: 2 | Q17: 0 | R17: zakończył terapię dysleksji (typ dysleksja wzrokowa)
A18: 12 | B18: P002 | C18: 13/3/2024 | D18: M | E18: 10 | F18: prawo ręczny | G18: tak - duża wada | H18: Szymon | I18: 3 | J18: =10-I18 -> 7 | K18: =IF(AND(J18>0,J18<=5),Arkusz2!$C$4,IF(AND(Arkusz1!J18>=6,Arkusz1!J18<=7),Arkusz2!$C$5,Arkusz2!$C$6)) -> przecietny poziom zaburzenia | L18: 0 | M18: 1 | N18: 1 | O18: 0 | P18: 0 | Q18: 1
A19: 13 | B19: P003 | C19: 13/3/2024 | D19: K | E19: 10 | F19: prawo ręczny | G19: nie | H19: Zuzia | I19: 8 | J19: =10-I19 -> 2 | K19: =IF(AND(J19>0,J19<=5),Arkusz2!$C$4,IF(AND(Arkusz1!J19>=6,Arkusz1!J19<=7),Arkusz2!$C$5,Arkusz2!$C$6)) -> niskie ryzyko dysleksji | L19: 1 | M19: 0 | N19: 0 | O19: 0 | P19: 0 | Q19: 1
A20: 14 | B20: P004 | C20: 13/3/2024 | D20: K | E20: 10 | F20: prawo ręczny | G20: nie | H20: Nikola | I20: 6 | J20: 4 | K20: =IF(AND(J20>0,J20<=5),Arkusz2!$C$4,IF(AND(Arkusz1!J20>=6,Arkusz1!J20<=7),Arkusz2!$C$5,Arkusz2!$C$6)) -> niskie ryzyko dysleksji | L20: 0 | M20: 0 | N20: 4 | O20: 0 | P20: 0 | Q20: 0
A21: 15 | B21: P005 | C21: 13/3/2024 | D21: M | E21: 10 | F21: prawo ręczny | G21: nie | H21: Kacper | I21: 6 | J21: 4 | K21: =IF(AND(J21>0,J21<=5),Arkusz2!$C$4,IF(AND(Arkusz1!J21>=6,Arkusz1!J21<=7),Arkusz2!$C$5,Arkusz2!$C$6)) -> niskie ryzyko dysleksji | L21: 1 | M21: 3 | N21: 0 | O21: 0 | P21: 0 | Q21: 0
A22: 16 | B22: P006 | C22: 13/3/2024 | D22: M | E22: 10 | F22: prawo ręczny | G22: nie | H22: Liliana | I22: 9 | J22: 1 | K22: =IF(AND(J22>0,J22<=5),Arkusz2!$C$4,IF(AND(Arkusz1!J22>=6,Arkusz1!J22<=7),Arkusz2!$C$5,Arkusz2!$C$6)) -> niskie ryzyko dysleksji | L22: 1 | M22: 0 | N22: 0 | O22: 0 | P22: 0 | Q22: 0
A23: 17 | B23: P007 | C23: 13/3/2024 | D23: K | E23: 10 | F23: prawo ręczny | G23: nie | H23: Adela | I23: 9 | J23: 1 | K23: =IF(AND(J23>0,J23<=5),Arkusz2!$C$4,IF(AND(Arkusz1!J23>=6,Arkusz1!J23<=7),Arkusz2!$C$5,Arkusz2!$C$6)) -> niskie ryzyko dysleksji | L23: 1 | M23: 0 | N23: 0 | O23: 0 | P23: 0 | Q23: 0
A24: 18 | B24: P008 | C24: 13/3/2024 | D24: K | E24: 10 | F24: prawo ręczny | G24: nie | H24: Filip | I24: 6 | J24: 4 | K24: =IF(AND(J24>0,J24<=5),Arkusz2!$C$4,IF(AND(Arkusz1!J24>=6,Arkusz1!J24<=7),Arkusz2!$C$5,Arkusz2!$C$6)) -> niskie ryzyko dysleksji | L24: 2 | M24: 0 | N24: 0 | O24: 0 | P24: 1 | Q24: 1
A25: 19 | B25: P009 | C25: 13/3/2024 | D25: M | E25: 10 | F25: prawo ręczny | G25: nie | H25: Ignacy | I25: 4 | J25: 6 | K25: =IF(AND(J25>0,J25<=5),Arkusz2!$C$4,IF(AND(Arkusz1!J25>=6,Arkusz1!J25<=7),Arkusz2!$C$5,Arkusz2!$C$6)) -> przecietny poziom zaburzenia | L25: 0 | M25: 4 | N25: 0 | O25: 0 | P25: 2 | Q25: 0 | R25: bez terapii
A26: 20 | B26: P010 | C26: 13/3/2024 | D26: M | E26: 10 | F26: prawo ręczny | G26: nie | H26: Arek | I26: 2 | J26: 8 | K26: =IF(AND(J26>0,J26<=5),Arkusz2!$C$4,IF(AND(Arkusz1!J26>=6,Arkusz1!J26<=7),Arkusz2!$C$5,Arkusz2!$C$6)) -> wysoki poziom zaburzenia | L26: 2 | M26: 2 | N26: 2 | O26: 0 | P26: 2 | Q26: 0 | R26: bez terapii
A27: 21 | B27: P011 | C27: 13/3/2024 | D27: M | E27: 10 | F27: lewo ręczny | G27: nie | H27: Kuba | I27: 5 | J27: 5 | K27: =IF(AND(J27>0,J27<=5),Arkusz2!$C$4,IF(AND(Arkusz1!J27>=6,Arkusz1!J27<=7),Arkusz2!$C$5,Arkusz2!$C$6)) -> niskie ryzyko dysleksji | L27: 2 | M27: 3 | N27: 0 | O27: 0 | P27: 0 | Q27: 0
A28: 22 | B28: P012 | C28: 13/3/2024 | D28: K | E28: 10 | F28: prawo ręczny | G28: nie | H28: Pola | I28: 3 | J28: 7 | K28: =IF(AND(J28>0,J28<=5),Arkusz2!$C$4,IF(AND(Arkusz1!J28>=6,Arkusz1!J28<=7),Arkusz2!$C$5,Arkusz2!$C$6)) -> przecietny poziom zaburzenia | L28: 2 | M28: 2 | N28: 1 | O28: 0 | P28: 2 | Q28: 0
C29: Ilość K | D29: =COUNTIF(D7:D28,"K") -> 10 | H29: Suma | I29: =SUM(I7:I28) -> 110 | J29: =SUM(J7:J28) -> 110 | L29: =SUM(L7:L28) -> 18 | M29: =SUM(M7:M28) -> 29 | N29: =SUM(N7:N28) -> 18 | O29: =SUM(O7:O28) -> 11 | P29: =SUM(P7:P28) -> 22 | Q29: =SUM(Q7:Q28) -> 9
C30: Ilość M | D30: =COUNTIF(D7:D28,"M") -> 12 | H30: Suma I tura | I30: =SUM(I7:I16) -> 43 | J30: =SUM(J7:J16) -> 57 | L30: =SUM(L7:L16) -> 6 | M30: =SUM(M7:M16) -> 14 | N30: =SUM(N7:N16) -> 10 | O30: =SUM(O7:O16) -> 9 | P30: =SUM(P7:P16) -> 13 | Q30: =SUM(Q7:Q16) -> 6
H31: Suma dla II tury | I31: =SUM(I17:I28) -> 67 | J31: =SUM(J17:J28) -> 53 | L31: =SUM(L17:L28) -> 12 | M31: =SUM(M17:M28) -> 15 | N31: =SUM(N17:N28) -> 8 | O31: =SUM(O17:O28) -> 2 | P31: =SUM(P17:P28) -> 9 | Q31: =SUM(Q17:Q28) -> 3
K32: I tura informacje o ilośc % błedów | L32: =L30/$J$30 -> 0.10526316 | M32: =M30/$J$30 -> 0.24561404 | N32: =N30/$J$30 -> 0.1754386 | O32: =O30/$J$30 -> 0.15789474 | P32: =P30/$J$30 -> 0.22807018 | Q32: =Q30/$J$30 -> 0.10526316
K33: II tura informacje o ilośc % błedów | L33: =L31/$J$31 -> 0.22641509 | M33: =M31/$J$31 -> 0.28301887 | N33: =N31/$J$31 -> 0.1509434 | O33: =O31/$J$31 -> 0.037735849 | P33: =P31/$J$31 -> 0.16981132 | Q33: =Q31/$J$31 -> 0.056603774
K34: informacje ile % stanowią dane typy błedów dla wszytskich wyników | L34: =L29/$J$29 -> 0.16363636 | M34: =M29/$J$29 -> 0.26363636 | N34: =N29/$J$29 -> 0.16363636 | O34: =O29/$J$29 -> 0.1 | P34: =P29/$J$29 -> 0.2 | Q34: =Q29/$J$29 -> 0.081818182

Sheet Arkusz2
B3: Zakres | C3: Informacje
B4: 1-5 | C4: niskie ryzyko dysleksji
B5: 6-7 | C5: przecietny poziom zaburzenia
B6: 8> | C6: wysoki poziom zaburzenia
